,Year,State,"Price Received, Measured in $/Lb","Production, Measured in Lb","Production, Measured in Lb/Colony",Honey Bee Colonies
0,2000,ALABAMA,0.59,"1,248,000",78,"16,000"
1,2000,ARIZONA,0.73,"2,360,000",59,"40,000"
2,2000,ARKANSAS,0.5700000000000001,"4,836,000",93,"52,000"
3,2000,CALIFORNIA,0.59,"30,800,000",70,"440,000"
4,2000,COLORADO,0.62,"1,740,000",60,"29,000"
5,2000,FLORIDA,0.54,"24,360,000",105,"232,000"
6,2000,GEORGIA,0.63,"3,135,000",57,"55,000"
7,2000,HAWAII,0.8200000000000001,"784,000",112,"7,000"
8,2000,IDAHO,0.52,"4,700,000",47,"100,000"
9,2000,ILLINOIS,1.17,"488,000",61,"8,000"
10,2000,INDIANA,1.03,"520,000",65,"8,000"
11,2000,IOWA,0.68,"2,010,000",67,"30,000"
12,2000,KANSAS,0.91,"1,020,000",68,"15,000"
13,2000,KENTUCKY,1.35,"192,000",48,"4,000"
14,2000,LOUISIANA,0.52,"4,042,000",94,"43,000"
15,2000,MAINE,0.75,"231,000",21,"11,000"
16,2000,MARYLAND,1.1400000000000001,"276,000",46,"6,000"
17,2000,MICHIGAN,0.6,"5,400,000",75,"72,000"
18,2000,MINNESOTA,0.5700000000000001,"13,500,000",90,"150,000"
19,2000,MISSISSIPPI,0.6900000000000001,"1,224,000",72,"17,000"
20,2000,MISSOURI,0.6,"1,725,000",75,"23,000"
21,2000,MONTANA,0.59,"10,912,000",88,"124,000"
22,2000,NEBRASKA,0.59,"4,350,000",87,"50,000"
23,2000,NEVADA,1.45,"350,000",35,"10,000"
24,2000,NEW JERSEY,0.61,"385,000",35,"11,000"
25,2000,NEW MEXICO,0.72,"960,000",64,"15,000"
26,2000,NEW YORK,0.55,"4,640,000",80,"58,000"
27,2000,NORTH CAROLINA,1.43,"539,000",49,"11,000"
28,2000,NORTH DAKOTA,0.5700000000000001,"34,500,000",115,"300,000"
29,2000,OHIO,0.79,"1,170,000",65,"18,000"
30,2000,OKLAHOMA,1.26,"245,000",35,"7,000"
31,2000,OREGON,0.66,"2,448,000",51,"48,000"
32,2000,OTHER STATES,1.78,"728,000",40,"18,000"
33,2000,PENNSYLVANIA,0.76,"1,125,000",45,"25,000"
34,2000,SOUTH DAKOTA,0.58,"28,435,000",121,"235,000"
35,2000,TENNESSEE,1.43,"549,000",61,"9,000"
36,2000,TEXAS,0.5700000000000001,"8,295,000",79,"105,000"
37,2000,UTAH,0.6,"984,000",41,"24,000"
38,2000,VERMONT,0.68,"413,000",59,"7,000"
39,2000,VIRGINIA,1.5,"294,000",42,"7,000"
40,2000,WASHINGTON,0.58,"2,808,000",54,"52,000"
41,2000,WEST VIRGINIA,1.22,"378,000",54,"7,000"
42,2000,WISCONSIN,0.68,"7,560,000",90,"84,000"
43,2000,WYOMING,0.59,"3,627,000",93,"39,000"
44,2001,ALABAMA,0.72,"1,022,000",73,"14,000"
45,2001,ARIZONA,0.72,"2,537,000",59,"43,000"
46,2001,ARKANSAS,0.65,"4,900,000",98,"50,000"
47,2001,CALIFORNIA,0.6900000000000001,"28,060,000",61,"460,000"
48,2001,COLORADO,0.71,"1,430,000",55,"26,000"
49,2001,FLORIDA,0.64,"22,000,000",100,"220,000"
50,2001,GEORGIA,0.7000000000000001,"3,135,000",57,"55,000"
51,2001,HAWAII,0.87,"696,000",87,"8,000"
52,2001,IDAHO,0.67,"4,600,000",46,"100,000"
53,2001,ILLINOIS,1.58,"456,000",76,"6,000"
54,2001,INDIANA,0.92,"532,000",76,"7,000"
55,2001,IOWA,0.75,"1,683,000",51,"33,000"
56,2001,KANSAS,0.96,"663,000",51,"13,000"
57,2001,KENTUCKY,1.41,"312,000",78,"4,000"
58,2001,LOUISIANA,0.6,"4,770,000",106,"45,000"
59,2001,MAINE,0.79,"220,000",20,"11,000"
60,2001,MARYLAND,1.6,"184,000",46,"4,000"
61,2001,MICHIGAN,0.81,"4,560,000",60,"76,000"
62,2001,MINNESOTA,0.65,"10,935,000",81,"135,000"
63,2001,MISSISSIPPI,0.89,"1,122,000",66,"17,000"
64,2001,MISSOURI,0.71,"1,342,000",61,"22,000"
65,2001,MONTANA,0.67,"13,872,000",102,"136,000"
66,2001,NEBRASKA,0.72,"2,064,000",48,"43,000"
67,2001,NEVADA,2.14,"450,000",50,"9,000"
68,2001,NEW JERSEY,0.85,"374,000",34,"11,000"
69,2001,NEW MEXICO,0.66,"700,000",70,"10,000"
70,2001,NEW YORK,0.79,"3,710,000",70,"53,000"
71,2001,NORTH CAROLINA,1.48,"572,000",44,"13,000"
72,2001,NORTH DAKOTA,0.6900000000000001,"26,880,000",96,"280,000"
73,2001,OHIO,1.01,"1,458,000",81,"18,000"
74,2001,OKLAHOMA,1.43,"188,000",47,"4,000"
75,2001,OREGON,0.74,"1,936,000",44,"44,000"
76,2001,OTHER STATES,2.33,"303,000",38,"8,000"
77,2001,PENNSYLVANIA,0.92,"1,482,000",57,"26,000"
78,2001,SOUTH CAROLINA,0.79,"280,000",40,"7,000"
79,2001,SOUTH DAKOTA,0.71,"15,275,000",65,"235,000"
80,2001,TENNESSEE,1.3900000000000001,"472,000",59,"8,000"
81,2001,TEXAS,0.65,"7,663,000",79,"97,000"
82,2001,UTAH,0.65,"874,000",38,"23,000"
83,2001,VERMONT,0.92,"567,000",81,"7,000"
84,2001,VIRGINIA,1.26,"468,000",52,"9,000"
85,2001,WASHINGTON,0.72,"2,496,000",52,"48,000"
86,2001,WEST VIRGINIA,1.42,"455,000",65,"7,000"
87,2001,WISCONSIN,0.8200000000000001,"5,427,000",81,"67,000"
88,2001,WYOMING,0.65,"2,926,000",77,"38,000"
89,2002,ALABAMA,1.18,"1,032,000",86,"12,000"
90,2002,ARIZONA,1.08,"2,394,000",63,"38,000"
91,2002,ARKANSAS,1.26,"3,960,000",88,"45,000"
92,2002,CALIFORNIA,1.32,"23,500,000",50,"470,000"
93,2002,COLORADO,1.29,"1,440,000",60,"24,000"
94,2002,FLORIDA,1.1400000000000001,"20,460,000",93,"220,000"
95,2002,GEORGIA,1.1300000000000001,"2,600,000",52,"50,000"
96,2002,HAWAII,1.11,"952,000",136,"7,000"
97,2002,IDAHO,1.37,"5,700,000",57,"100,000"
98,2002,ILLINOIS,1.47,"720,000",80,"9,000"
99,2002,INDIANA,1.19,"496,000",62,"8,000"
100,2002,IOWA,1.43,"2,310,000",70,"33,000"
101,2002,KANSAS,1.5,"884,000",52,"17,000"
102,2002,KENTUCKY,1.6300000000000001,"270,000",54,"5,000"
103,2002,LOUISIANA,1.16,"4,340,000",124,"35,000"
104,2002,MAINE,1.21,"451,000",41,"11,000"
105,2002,MARYLAND,1.96,"138,000",46,"3,000"
106,2002,MICHIGAN,1.4000000000000001,"5,544,000",77,"72,000"
107,2002,MINNESOTA,1.47,"8,541,000",73,"117,000"
108,2002,MISSISSIPPI,1.23,"1,404,000",78,"18,000"
109,2002,MISSOURI,1.42,"900,000",50,"18,000"
110,2002,MONTANA,1.3800000000000001,"8,442,000",63,"134,000"
111,2002,NEBRASKA,1.49,"3,225,000",75,"43,000"
112,2002,NEVADA,2.67,"558,000",62,"9,000"
113,2002,NEW JERSEY,1.0,"440,000",40,"11,000"
114,2002,NEW MEXICO,1.1,"484,000",44,"11,000"
115,2002,NEW YORK,1.25,"5,880,000",98,"60,000"
116,2002,NORTH CAROLINA,1.41,"672,000",42,"16,000"
117,2002,NORTH DAKOTA,1.46,"24,000,000",75,"320,000"
118,2002,OHIO,1.44,"1,260,000",70,"18,000"
119,2002,OKLAHOMA,1.6300000000000001,"159,000",53,"3,000"
120,2002,OREGON,1.35,"2,107,000",49,"43,000"
121,2002,OTHER STATES,2.29,"453,000",50,"9,000"
122,2002,PENNSYLVANIA,1.34,"1,653,000",57,"29,000"
123,2002,SOUTH CAROLINA,1.25,"470,000",94,"5,000"
124,2002,SOUTH DAKOTA,1.42,"11,475,000",51,"225,000"
125,2002,TENNESSEE,1.4000000000000001,"488,000",61,"8,000"
126,2002,TEXAS,1.1400000000000001,"7,638,000",67,"114,000"
127,2002,UTAH,1.3,"1,298,000",59,"22,000"
128,2002,VERMONT,1.2,"623,000",89,"7,000"
129,2002,VIRGINIA,1.9000000000000001,"304,000",38,"8,000"
130,2002,WASHINGTON,1.27,"2,550,000",51,"50,000"
131,2002,WEST VIRGINIA,1.32,"459,000",51,"9,000"
132,2002,WISCONSIN,1.34,"6,650,000",95,"70,000"
133,2002,WYOMING,1.33,"2,394,000",63,"38,000"
134,2003,ALABAMA,1.24,"1,066,000",82,"13,000"
135,2003,ARIZONA,1.34,"2,520,000",72,"35,000"
136,2003,ARKANSAS,1.26,"3,000,000",75,"40,000"
137,2003,CALIFORNIA,1.3900000000000001,"32,160,000",67,"480,000"
138,2003,COLORADO,1.4000000000000001,"2,064,000",86,"24,000"
139,2003,FLORIDA,1.32,"14,910,000",71,"210,000"
140,2003,GEORGIA,1.28,"3,380,000",65,"52,000"
141,2003,HAWAII,1.45,"798,000",114,"7,000"
142,2003,IDAHO,1.33,"4,600,000",46,"100,000"
143,2003,ILLINOIS,1.83,"420,000",60,"7,000"
144,2003,INDIANA,1.6600000000000001,"280,000",56,"5,000"
145,2003,IOWA,1.42,"1,888,000",59,"32,000"
146,2003,KANSAS,1.41,"912,000",57,"16,000"
147,2003,KENTUCKY,1.67,"240,000",48,"5,000"
148,2003,LOUISIANA,1.24,"3,060,000",90,"34,000"
149,2003,MAINE,1.41,"264,000",33,"8,000"
150,2003,MARYLAND,1.93,"84,000",42,"2,000"
151,2003,MICHIGAN,1.41,"4,810,000",74,"65,000"
152,2003,MINNESOTA,1.44,"9,960,000",83,"120,000"
153,2003,MISSISSIPPI,1.29,"1,449,000",69,"21,000"
154,2003,MISSOURI,1.41,"901,000",53,"17,000"
155,2003,MONTANA,1.44,"9,570,000",66,"145,000"
156,2003,NEBRASKA,1.3800000000000001,"3,330,000",74,"45,000"
157,2003,NEVADA,2.04,"384,000",64,"6,000"
158,2003,NEW JERSEY,1.6,"190,000",19,"10,000"
159,2003,NEW MEXICO,1.2,"246,000",41,"6,000"
160,2003,NEW YORK,1.36,"4,824,000",72,"67,000"
161,2003,NORTH CAROLINA,1.92,"440,000",44,"10,000"
162,2003,NORTH DAKOTA,1.36,"29,580,000",87,"340,000"
163,2003,OHIO,1.4000000000000001,"750,000",50,"15,000"
164,2003,OKLAHOMA,1.84,"141,000",47,"3,000"
165,2003,OREGON,1.27,"2,142,000",51,"42,000"
166,2003,OTHER STATES,2.89,"352,000",44,"8,000"
167,2003,PENNSYLVANIA,1.44,"1,350,000",50,"27,000"
168,2003,SOUTH CAROLINA,1.8900000000000001,"280,000",70,"4,000"
169,2003,SOUTH DAKOTA,1.43,"15,050,000",70,"215,000"
170,2003,TENNESSEE,1.52,"240,000",40,"6,000"
171,2003,TEXAS,1.4000000000000001,"9,380,000",67,"140,000"
172,2003,UTAH,1.28,"1,425,000",57,"25,000"
173,2003,VERMONT,1.96,"581,000",83,"7,000"
174,2003,VIRGINIA,1.68,"222,000",37,"6,000"
175,2003,WASHINGTON,1.46,"3,248,000",56,"58,000"
176,2003,WEST VIRGINIA,1.8900000000000001,"376,000",47,"8,000"
177,2003,WISCONSIN,1.47,"5,698,000",77,"74,000"
178,2003,WYOMING,1.41,"3,159,000",81,"39,000"
179,2004,ALABAMA,1.41,"1,044,000",87,"12,000"
180,2004,ARIZONA,1.11,"1,760,000",55,"32,000"
181,2004,ARKANSAS,0.87,"2,280,000",57,"40,000"
182,2004,CALIFORNIA,1.05,"17,550,000",45,"390,000"
183,2004,COLORADO,1.35,"1,840,000",80,"23,000"
184,2004,FLORIDA,1.02,"20,090,000",98,"205,000"
185,2004,GEORGIA,1.2,"3,087,000",49,"63,000"
186,2004,HAWAII,1.59,"768,000",96,"8,000"
187,2004,IDAHO,1.02,"6,300,000",63,"100,000"
188,2004,ILLINOIS,1.86,"385,000",55,"7,000"
189,2004,INDIANA,1.47,"413,000",59,"7,000"
190,2004,IOWA,1.06,"2,345,000",67,"35,000"
191,2004,KANSAS,1.18,"1,120,000",80,"14,000"
192,2004,KENTUCKY,1.96,"280,000",56,"5,000"
193,2004,LOUISIANA,0.79,"3,430,000",98,"35,000"
194,2004,MAINE,1.28,"217,000",31,"7,000"
195,2004,MICHIGAN,1.16,"4,355,000",67,"65,000"
196,2004,MINNESOTA,1.08,"10,125,000",75,"135,000"
197,2004,MISSISSIPPI,0.79,"1,170,000",65,"18,000"
198,2004,MISSOURI,1.36,"656,000",41,"16,000"
199,2004,MONTANA,1.08,"10,780,000",77,"140,000"
200,2004,NEBRASKA,1.01,"4,539,000",89,"51,000"
201,2004,NEVADA,1.78,"770,000",55,"14,000"
202,2004,NEW JERSEY,1.4000000000000001,"324,000",27,"12,000"
203,2004,NEW MEXICO,1.19,"352,000",44,"8,000"
204,2004,NEW YORK,1.36,"4,288,000",67,"64,000"
205,2004,NORTH CAROLINA,1.93,"360,000",40,"9,000"
206,2004,NORTH DAKOTA,1.05,"30,420,000",78,"390,000"
207,2004,OHIO,1.53,"928,000",58,"16,000"
208,2004,OREGON,1.21,"2,268,000",54,"42,000"
209,2004,OTHER STATES,2.42,"765,000",51,"15,000"
210,2004,PENNSYLVANIA,1.42,"1,620,000",54,"30,000"
211,2004,SOUTH DAKOTA,1.01,"22,575,000",105,"215,000"
212,2004,TENNESSEE,1.73,"324,000",54,"6,000"
213,2004,TEXAS,0.97,"8,816,000",76,"116,000"
214,2004,UTAH,1.1,"1,680,000",70,"24,000"
215,2004,VERMONT,1.51,"408,000",68,"6,000"
216,2004,VIRGINIA,2.1,"266,000",38,"7,000"
217,2004,WASHINGTON,0.98,"3,528,000",63,"56,000"
218,2004,WEST VIRGINIA,1.41,"495,000",55,"9,000"
219,2004,WISCONSIN,1.19,"5,848,000",86,"68,000"
220,2004,WYOMING,1.1,"2,925,000",75,"39,000"
221,2005,ALABAMA,1.02,"858,000",66,"13,000"
222,2005,ARIZONA,1.04,"1,800,000",50,"36,000"
223,2005,ARKANSAS,0.97,"2,484,000",69,"36,000"
224,2005,CALIFORNIA,0.86,"30,000,000",75,"400,000"
225,2005,COLORADO,0.97,"1,960,000",70,"28,000"
226,2005,FLORIDA,0.87,"13,760,000",86,"160,000"
227,2005,GEORGIA,0.89,"2,891,000",49,"59,000"
228,2005,HAWAII,1.43,"1,179,000",131,"9,000"
229,2005,IDAHO,0.8,"3,515,000",37,"95,000"
230,2005,ILLINOIS,1.84,"680,000",85,"8,000"
231,2005,INDIANA,1.18,"512,000",64,"8,000"
232,2005,IOWA,1.21,"2,464,000",88,"28,000"
233,2005,KANSAS,1.05,"800,000",50,"16,000"
234,2005,KENTUCKY,2.08,"250,000",50,"5,000"
235,2005,LOUISIANA,0.72,"3,395,000",97,"35,000"
236,2005,MAINE,1.6600000000000001,"208,000",26,"8,000"
237,2005,MICHIGAN,0.9400000000000001,"4,420,000",68,"65,000"
238,2005,MINNESOTA,0.9,"8,880,000",74,"120,000"
239,2005,MISSISSIPPI,0.67,"1,280,000",80,"16,000"
240,2005,MISSOURI,1.22,"750,000",50,"15,000"
241,2005,MONTANA,0.86,"8,710,000",67,"130,000"
242,2005,NEBRASKA,0.87,"2,720,000",68,"40,000"
243,2005,NEVADA,3.11,"552,000",46,"12,000"
244,2005,NEW JERSEY,1.2,"384,000",32,"12,000"
245,2005,NEW MEXICO,1.03,"343,000",49,"7,000"
246,2005,NEW YORK,1.34,"4,307,000",73,"59,000"
247,2005,NORTH CAROLINA,1.8800000000000001,"540,000",54,"10,000"
248,2005,NORTH DAKOTA,0.8300000000000001,"33,670,000",91,"370,000"
249,2005,OHIO,1.4000000000000001,"1,035,000",69,"15,000"
250,2005,OREGON,1.08,"1,638,000",42,"39,000"
251,2005,OTHER STATES,2.41,"645,000",43,"15,000"
252,2005,PENNSYLVANIA,1.12,"1,568,000",56,"28,000"
253,2005,SOUTH DAKOTA,0.8300000000000001,"17,380,000",79,"220,000"
254,2005,TENNESSEE,1.67,"385,000",55,"7,000"
255,2005,TEXAS,0.86,"5,964,000",71,"84,000"
256,2005,UTAH,0.9500000000000001,"1,080,000",45,"24,000"
257,2005,VERMONT,1.12,"546,000",91,"6,000"
258,2005,VIRGINIA,2.2,"296,000",37,"8,000"
259,2005,WASHINGTON,1.01,"2,805,000",55,"51,000"
260,2005,WEST VIRGINIA,1.29,"408,000",51,"8,000"
261,2005,WISCONSIN,1.1400000000000001,"5,312,000",83,"64,000"
262,2005,WYOMING,0.89,"2,240,000",56,"40,000"
263,2006,ALABAMA,1.21,"792,000",72,"11,000"
264,2006,ARIZONA,0.91,"1,950,000",65,"30,000"
265,2006,ARKANSAS,0.89,"2,432,000",76,"32,000"
266,2006,CALIFORNIA,0.97,"19,760,000",52,"380,000"
267,2006,COLORADO,1.04,"2,700,000",75,"36,000"
268,2006,FLORIDA,1.0,"13,770,000",81,"170,000"
269,2006,GEORGIA,1.2,"4,662,000",74,"63,000"
270,2006,HAWAII,1.21,"930,000",93,"10,000"
271,2006,IDAHO,0.97,"4,180,000",44,"95,000"
272,2006,ILLINOIS,2.14,"660,000",66,"10,000"
273,2006,INDIANA,1.58,"378,000",54,"7,000"
274,2006,IOWA,1.37,"2,184,000",84,"26,000"
275,2006,KANSAS,1.17,"770,000",55,"14,000"
276,2006,KENTUCKY,2.19,"280,000",56,"5,000"
277,2006,LOUISIANA,0.9,"2,700,000",90,"30,000"
278,2006,MAINE,1.6,"253,000",23,"11,000"
279,2006,MICHIGAN,1.1500000000000001,"3,960,000",55,"72,000"
280,2006,MINNESOTA,0.9400000000000001,"10,000,000",80,"125,000"
281,2006,MISSISSIPPI,0.93,"1,372,000",98,"14,000"
282,2006,MISSOURI,0.98,"690,000",46,"15,000"
283,2006,MONTANA,0.9500000000000001,"10,428,000",79,"132,000"
284,2006,NEBRASKA,0.93,"3,431,000",73,"47,000"
285,2006,NEVADA,3.62,"333,000",37,"9,000"
286,2006,NEW JERSEY,1.1400000000000001,"324,000",36,"9,000"
287,2006,NEW MEXICO,1.19,"336,000",48,"7,000"
288,2006,NEW YORK,1.3,"3,712,000",64,"58,000"
289,2006,NORTH CAROLINA,1.57,"500,000",50,"10,000"
290,2006,NORTH DAKOTA,0.91,"25,900,000",74,"350,000"
291,2006,OHIO,1.4000000000000001,"784,000",56,"14,000"
292,2006,OREGON,1.05,"2,208,000",48,"46,000"
293,2006,OTHER STATES,2.38,"672,000",42,"16,000"
294,2006,PENNSYLVANIA,1.6300000000000001,"1,120,000",40,"28,000"
295,2006,SOUTH DAKOTA,0.9400000000000001,"10,575,000",47,"225,000"
296,2006,TENNESSEE,1.84,"385,000",55,"7,000"
297,2006,TEXAS,0.89,"5,740,000",70,"82,000"
298,2006,UTAH,0.98,"1,300,000",50,"26,000"
299,2006,VERMONT,1.2,"336,000",56,"6,000"
300,2006,VIRGINIA,2.2,"336,000",42,"8,000"
301,2006,WASHINGTON,1.24,"2,548,000",52,"49,000"
302,2006,WEST VIRGINIA,2.02,"252,000",42,"6,000"
303,2006,WISCONSIN,1.12,"5,952,000",93,"64,000"
304,2006,WYOMING,0.98,"3,315,000",85,"39,000"
305,2007,ALABAMA,1.49,"616,000",56,"11,000"
306,2007,ARIZONA,1.26,"1,920,000",64,"30,000"
307,2007,ARKANSAS,0.9500000000000001,"2,240,000",80,"28,000"
308,2007,CALIFORNIA,1.04,"13,600,000",40,"340,000"
309,2007,COLORADO,1.1500000000000001,"1,581,000",51,"31,000"
310,2007,FLORIDA,0.99,"11,360,000",71,"160,000"
311,2007,GEORGIA,1.19,"3,480,000",58,"60,000"
312,2007,HAWAII,1.7,"920,000",92,"10,000"
313,2007,IDAHO,1.1500000000000001,"3,772,000",41,"92,000"
314,2007,ILLINOIS,2.49,"567,000",63,"9,000"
315,2007,INDIANA,1.5,"424,000",53,"8,000"
316,2007,IOWA,1.31,"2,106,000",81,"26,000"
317,2007,KANSAS,1.18,"560,000",40,"14,000"
318,2007,KENTUCKY,2.12,"244,000",61,"4,000"
319,2007,LOUISIANA,1.08,"2,581,000",89,"29,000"
320,2007,MAINE,1.32,"234,000",26,"9,000"
321,2007,MICHIGAN,1.19,"4,608,000",64,"72,000"
322,2007,MINNESOTA,1.04,"8,840,000",68,"130,000"
323,2007,MISSISSIPPI,0.91,"1,380,000",92,"15,000"
324,2007,MISSOURI,1.12,"644,000",46,"14,000"
325,2007,MONTANA,0.99,"9,180,000",68,"135,000"
326,2007,NEBRASKA,1.03,"2,205,000",49,"45,000"
327,2007,NEVADA,2.99,"280,000",28,"10,000"
328,2007,NEW JERSEY,1.96,"513,000",57,"9,000"
329,2007,NEW MEXICO,1.42,"354,000",59,"6,000"
330,2007,NEW YORK,1.3800000000000001,"3,021,000",57,"53,000"
331,2007,NORTH CAROLINA,2.49,"540,000",45,"12,000"
332,2007,NORTH DAKOTA,0.96,"31,080,000",74,"420,000"
333,2007,OHIO,1.77,"854,000",61,"14,000"
334,2007,OREGON,1.31,"1,978,000",43,"46,000"
335,2007,OTHER STATES,2.66,"720,000",48,"15,000"
336,2007,PENNSYLVANIA,1.7,"1,050,000",42,"25,000"
337,2007,SOUTH DAKOTA,1.02,"13,260,000",52,"255,000"
338,2007,TENNESSEE,1.99,"455,000",65,"7,000"
339,2007,TEXAS,0.96,"8,610,000",82,"105,000"
340,2007,UTAH,1.1300000000000001,"1,176,000",42,"28,000"
341,2007,VERMONT,1.7,"320,000",64,"5,000"
342,2007,VIRGINIA,2.43,"276,000",46,"6,000"
343,2007,WASHINGTON,1.25,"2,024,000",44,"46,000"
344,2007,WEST VIRGINIA,2.09,"288,000",48,"6,000"
345,2007,WISCONSIN,1.22,"5,040,000",84,"60,000"
346,2007,WYOMING,1.0,"3,440,000",80,"43,000"
347,2008,ALABAMA,1.9000000000000001,"594,000",66,"9,000"
348,2008,ARIZONA,1.26,"1,600,000",64,"25,000"
349,2008,ARKANSAS,1.35,"2,100,000",75,"28,000"
350,2008,CALIFORNIA,1.3900000000000001,"18,360,000",51,"360,000"
351,2008,COLORADO,1.51,"1,215,000",45,"27,000"
352,2008,FLORIDA,1.32,"11,850,000",79,"150,000"
353,2008,GEORGIA,1.52,"4,615,000",71,"65,000"
354,2008,HAWAII,1.59,"900,000",90,"10,000"
355,2008,IDAHO,1.46,"3,600,000",40,"90,000"
356,2008,ILLINOIS,2.59,"448,000",56,"8,000"
357,2008,INDIANA,1.68,"469,000",67,"7,000"
358,2008,IOWA,1.58,"1,488,000",62,"24,000"
359,2008,KANSAS,1.55,"610,000",61,"10,000"
360,2008,KENTUCKY,2.44,"156,000",39,"4,000"
361,2008,LOUISIANA,1.36,"3,080,000",77,"40,000"
362,2008,MAINE,1.57,"294,000",42,"7,000"
363,2008,MICHIGAN,1.44,"5,183,000",73,"71,000"
364,2008,MINNESOTA,1.3900000000000001,"9,516,000",78,"122,000"
365,2008,MISSISSIPPI,1.3,"1,372,000",98,"14,000"
366,2008,MISSOURI,1.68,"583,000",53,"11,000"
367,2008,MONTANA,1.37,"9,380,000",70,"134,000"
368,2008,NEBRASKA,1.45,"2,412,000",67,"36,000"
369,2008,NEVADA,1.42,"290,000",29,"10,000"
370,2008,NEW JERSEY,1.62,"360,000",40,"9,000"
371,2008,NEW MEXICO,1.48,"288,000",48,"6,000"
372,2008,NEW YORK,1.6500000000000001,"3,500,000",70,"50,000"
373,2008,NORTH CAROLINA,2.18,"624,000",52,"12,000"
374,2008,NORTH DAKOTA,1.36,"36,000,000",90,"400,000"
375,2008,OHIO,1.68,"742,000",53,"14,000"
376,2008,OREGON,1.41,"2,150,000",43,"50,000"
377,2008,OTHER STATES,2.34,"817,000",51,"16,000"
378,2008,PENNSYLVANIA,1.6500000000000001,"1,104,000",48,"23,000"
379,2008,SOUTH DAKOTA,1.34,"21,375,000",95,"225,000"
380,2008,TENNESSEE,2.09,"427,000",61,"7,000"
381,2008,TEXAS,1.34,"4,928,000",64,"77,000"
382,2008,UTAH,1.57,"1,344,000",48,"28,000"
383,2008,VERMONT,2.2,"330,000",66,"5,000"
384,2008,VIRGINIA,2.42,"252,000",42,"6,000"
385,2008,WASHINGTON,1.51,"2,156,000",44,"49,000"
386,2008,WEST VIRGINIA,2.16,"258,000",43,"6,000"
387,2008,WISCONSIN,1.5,"4,640,000",80,"58,000"
388,2008,WYOMING,1.37,"2,379,000",61,"39,000"
389,2009,ALABAMA,1.86,"450,000",50,"9,000"
390,2009,ARIZONA,1.45,"1,040,000",52,"20,000"
391,2009,ARKANSAS,1.42,"1,368,000",57,"24,000"
392,2009,CALIFORNIA,1.3900000000000001,"11,715,000",33,"355,000"
393,2009,COLORADO,1.43,"1,484,000",53,"28,000"
394,2009,FLORIDA,1.42,"11,560,000",68,"170,000"
395,2009,GEORGIA,1.47,"2,665,000",41,"65,000"
396,2009,HAWAII,1.76,"950,000",95,"10,000"
397,2009,IDAHO,1.52,"4,738,000",46,"103,000"
398,2009,ILLINOIS,2.5500000000000003,"272,000",34,"8,000"
399,2009,INDIANA,2.02,"288,000",32,"9,000"
400,2009,IOWA,1.6,"1,092,000",42,"26,000"
401,2009,KANSAS,1.85,"567,000",63,"9,000"
402,2009,KENTUCKY,2.71,"175,000",35,"5,000"
403,2009,LOUISIANA,1.36,"3,811,000",103,"37,000"
404,2009,MAINE,1.95,"300,000",50,"6,000"
405,2009,MICHIGAN,1.55,"3,960,000",60,"66,000"
406,2009,MINNESOTA,1.44,"7,930,000",65,"122,000"
407,2009,MISSISSIPPI,1.32,"1,456,000",104,"14,000"
408,2009,MISSOURI,1.99,"517,000",47,"11,000"
409,2009,MONTANA,1.46,"10,220,000",70,"146,000"
410,2009,NEBRASKA,1.46,"2,688,000",56,"48,000"
411,2009,NEW JERSEY,2.36,"352,000",32,"11,000"
412,2009,NEW MEXICO,1.59,"420,000",60,"7,000"
413,2009,NEW YORK,1.93,"2,925,000",65,"45,000"
414,2009,NORTH CAROLINA,2.57,"495,000",45,"11,000"
415,2009,NORTH DAKOTA,1.3800000000000001,"34,650,000",77,"450,000"
416,2009,OHIO,2.81,"550,000",50,"11,000"
417,2009,OREGON,1.54,"1,870,000",34,"55,000"
418,2009,OTHER STATES,2.37,"1,348,000",52,"26,000"
419,2009,PENNSYLVANIA,2.0300000000000002,"840,000",40,"21,000"
420,2009,SOUTH DAKOTA,1.42,"17,820,000",66,"270,000"
421,2009,TENNESSEE,2.37,"357,000",51,"7,000"
422,2009,TEXAS,1.3900000000000001,"5,607,000",63,"89,000"
423,2009,UTAH,1.46,"988,000",38,"26,000"
424,2009,VERMONT,2.0100000000000002,"245,000",49,"5,000"
425,2009,VIRGINIA,3.45,"234,000",39,"6,000"
426,2009,WASHINGTON,1.58,"2,728,000",44,"62,000"
427,2009,WEST VIRGINIA,2.6,"185,000",37,"5,000"
428,2009,WISCONSIN,1.58,"3,780,000",60,"63,000"
429,2009,WYOMING,1.43,"1,776,000",48,"37,000"
430,2010,ALABAMA,2.4,"486,000",54,"9,000"
431,2010,ARIZONA,1.52,"1,848,000",77,"24,000"
432,2010,ARKANSAS,1.47,"1,500,000",60,"25,000"
433,2010,CALIFORNIA,1.55,"27,470,000",67,"410,000"
434,2010,COLORADO,1.52,"1,904,000",56,"34,000"
435,2010,FLORIDA,1.56,"13,800,000",69,"200,000"
436,2010,GEORGIA,1.67,"2,530,000",46,"55,000"
437,2010,HAWAII,2.75,"770,000",77,"10,000"
438,2010,IDAHO,1.61,"2,619,000",27,"97,000"
439,2010,ILLINOIS,2.7800000000000002,"369,000",41,"9,000"
440,2010,INDIANA,2.23,"430,000",43,"10,000"
441,2010,IOWA,1.92,"1,323,000",49,"27,000"
442,2010,KANSAS,2.02,"468,000",52,"9,000"
443,2010,KENTUCKY,2.72,"335,000",67,"5,000"
444,2010,LOUISIANA,1.5,"2,880,000",80,"36,000"
445,2010,MAINE,2.05,"205,000",41,"5,000"
446,2010,MICHIGAN,1.67,"4,118,000",58,"71,000"
447,2010,MINNESOTA,1.55,"8,448,000",66,"128,000"
448,2010,MISSISSIPPI,1.44,"1,568,000",98,"16,000"
449,2010,MISSOURI,1.8,"572,000",52,"11,000"
450,2010,MONTANA,1.58,"11,618,000",74,"157,000"
451,2010,NEBRASKA,1.51,"2,255,000",55,"41,000"
452,2010,NEW JERSEY,1.9000000000000001,"455,000",35,"13,000"
453,2010,NEW MEXICO,1.58,"462,000",66,"7,000"
454,2010,NEW YORK,1.96,"2,880,000",64,"45,000"
455,2010,NORTH CAROLINA,2.66,"598,000",46,"13,000"
456,2010,NORTH DAKOTA,1.5,"46,410,000",91,"510,000"
457,2010,OHIO,2.2800000000000002,"1,116,000",62,"18,000"
458,2010,OREGON,1.6300000000000001,"2,301,000",39,"59,000"
459,2010,OTHER STATES,2.81,"1,168,000",45,"26,000"
460,2010,PENNSYLVANIA,2.13,"1,110,000",37,"30,000"
461,2010,SOUTH DAKOTA,1.51,"15,370,000",58,"265,000"
462,2010,TENNESSEE,2.5,"504,000",63,"8,000"
463,2010,TEXAS,1.51,"7,200,000",72,"100,000"
464,2010,UTAH,1.53,"780,000",30,"26,000"
465,2010,VERMONT,3.1,"260,000",65,"4,000"
466,2010,VIRGINIA,3.3200000000000003,"185,000",37,"5,000"
467,2010,WASHINGTON,1.57,"2,627,000",37,"71,000"
468,2010,WEST VIRGINIA,2.39,"200,000",40,"5,000"
469,2010,WISCONSIN,1.68,"4,096,000",64,"64,000"
470,2010,WYOMING,1.59,"1,224,000",36,"34,000"
471,2011,ALABAMA,2.5100000000000002,"450,000",50,"9,000"
472,2011,ARIZONA,1.55,"1,219,000",53,"23,000"
473,2011,ARKANSAS,1.62,"1,408,000",64,"22,000"
474,2011,CALIFORNIA,1.6500000000000001,"17,760,000",48,"370,000"
475,2011,COLORADO,2.0,"1,705,000",55,"31,000"
476,2011,FLORIDA,1.68,"10,980,000",61,"180,000"
477,2011,GEORGIA,1.6500000000000001,"2,795,000",43,"65,000"
478,2011,HAWAII,3.65,"666,000",74,"9,000"
479,2011,IDAHO,1.78,"3,132,000",36,"87,000"
480,2011,ILLINOIS,3.9,"350,000",50,"7,000"
481,2011,INDIANA,2.14,"408,000",51,"8,000"
482,2011,IOWA,1.96,"1,550,000",62,"25,000"
483,2011,KANSAS,2.15,"308,000",44,"7,000"
484,2011,KENTUCKY,3.17,"156,000",39,"4,000"
485,2011,LOUISIANA,1.67,"2,772,000",77,"36,000"
486,2011,MAINE,1.98,"120,000",30,"4,000"
487,2011,MICHIGAN,1.81,"4,736,000",64,"74,000"
488,2011,MINNESOTA,1.6300000000000001,"6,360,000",53,"120,000"
489,2011,MISSISSIPPI,1.53,"2,070,000",115,"18,000"
490,2011,MISSOURI,2.14,"344,000",43,"8,000"
491,2011,MONTANA,1.7,"13,340,000",92,"145,000"
492,2011,NEBRASKA,1.75,"2,419,000",59,"41,000"
493,2011,NEW JERSEY,3.7,"451,000",41,"11,000"
494,2011,NEW MEXICO,1.69,"392,000",56,"7,000"
495,2011,NEW YORK,1.96,"2,744,000",56,"49,000"
496,2011,NORTH CAROLINA,2.83,"868,000",62,"14,000"
497,2011,NORTH DAKOTA,1.67,"32,660,000",71,"460,000"
498,2011,OHIO,2.34,"990,000",66,"15,000"
499,2011,OREGON,1.68,"2,040,000",34,"60,000"
500,2011,OTHER STATES,2.99,"1,156,000",46,"25,000"
501,2011,PENNSYLVANIA,2.5500000000000003,"1,056,000",44,"24,000"
502,2011,SOUTH DAKOTA,1.7,"16,500,000",66,"250,000"
503,2011,TENNESSEE,2.93,"308,000",44,"7,000"
504,2011,TEXAS,1.78,"4,524,000",58,"78,000"
505,2011,UTAH,1.75,"897,000",39,"23,000"
506,2011,VERMONT,2.31,"172,000",43,"4,000"
507,2011,VIRGINIA,4.07,"160,000",40,"4,000"
508,2011,WASHINGTON,1.93,"2,698,000",38,"71,000"
509,2011,WEST VIRGINIA,2.57,"212,000",53,"4,000"
510,2011,WISCONSIN,1.8900000000000001,"3,591,000",63,"57,000"
511,2011,WYOMING,1.72,"1,890,000",54,"35,000"
512,2012,ALABAMA,2.47,"432,000",54,"8,000"
513,2012,ARIZONA,1.79,"1,012,000",46,"22,000"
514,2012,ARKANSAS,1.98,"1,575,000",63,"25,000"
515,2012,CALIFORNIA,1.94,"11,550,000",35,"330,000"
516,2012,COLORADO,2.07,"1,200,000",48,"25,000"
517,2012,FLORIDA,1.84,"12,352,000",64,"193,000"
518,2012,GEORGIA,1.92,"3,009,000",51,"59,000"
519,2012,HAWAII,4.15,"750,000",75,"10,000"
520,2012,IDAHO,1.6300000000000001,"2,944,000",32,"92,000"
521,2012,ILLINOIS,3.5500000000000003,"427,000",61,"7,000"
522,2012,INDIANA,2.54,"472,000",59,"8,000"
523,2012,IOWA,2.17,"2,257,000",61,"37,000"
524,2012,KANSAS,2.2800000000000002,"330,000",55,"6,000"
525,2012,KENTUCKY,3.15,"255,000",51,"5,000"
526,2012,LOUISIANA,1.83,"3,526,000",86,"41,000"
527,2012,MAINE,2.39,"136,000",34,"4,000"
528,2012,MICHIGAN,2.0300000000000002,"4,161,000",57,"73,000"
529,2012,MINNESOTA,1.92,"8,375,000",67,"125,000"
530,2012,MISSISSIPPI,1.77,"2,124,000",118,"18,000"
531,2012,MISSOURI,2.8000000000000003,"371,000",53,"7,000"
532,2012,MONTANA,1.95,"7,540,000",52,"145,000"
533,2012,NEBRASKA,1.93,"2,795,000",65,"43,000"
534,2012,NEW JERSEY,1.97,"462,000",33,"14,000"
535,2012,NEW MEXICO,3.39,"260,000",52,"5,000"
536,2012,NEW YORK,2.23,"2,601,000",51,"51,000"
537,2012,NORTH CAROLINA,3.7600000000000002,"507,000",39,"13,000"
538,2012,NORTH DAKOTA,1.92,"33,120,000",69,"480,000"
539,2012,OHIO,2.46,"1,080,000",60,"18,000"
540,2012,OREGON,2.16,"1,920,000",32,"60,000"
541,2012,OTHER STATES,3.11,"1,389,000",46,"30,000"
542,2012,PENNSYLVANIA,2.57,"960,000",60,"16,000"
543,2012,SOUTH DAKOTA,1.95,"16,380,000",63,"260,000"
544,2012,TENNESSEE,2.93,"366,000",61,"6,000"
545,2012,TEXAS,2.0,"4,784,000",52,"92,000"
546,2012,UTAH,1.87,"950,000",38,"25,000"
547,2012,VERMONT,2.39,"240,000",60,"4,000"
548,2012,VIRGINIA,3.77,"164,000",41,"4,000"
549,2012,WASHINGTON,2.38,"2,542,000",41,"62,000"
550,2012,WEST VIRGINIA,2.91,"288,000",48,"6,000"
551,2012,WISCONSIN,2.05,"4,140,000",69,"60,000"
552,2012,WYOMING,1.87,"2,550,000",51,"50,000"
553,2013,ALABAMA,2.85,"364,000",52,"7,000"
554,2013,ARIZONA,1.96,"1,044,000",36,"29,000"
555,2013,ARKANSAS,2.02,"1,320,000",60,"22,000"
556,2013,CALIFORNIA,2.11,"10,890,000",33,"330,000"
557,2013,COLORADO,2.1,"1,118,000",43,"26,000"
558,2013,FLORIDA,2.0300000000000002,"13,420,000",61,"220,000"
559,2013,GEORGIA,2.2600000000000002,"3,350,000",50,"67,000"
560,2013,HAWAII,1.97,"1,079,000",83,"13,000"
561,2013,IDAHO,2.02,"2,656,000",32,"83,000"
562,2013,ILLINOIS,4.19,"336,000",48,"7,000"
563,2013,INDIANA,2.77,"282,000",47,"6,000"
564,2013,IOWA,2.45,"1,872,000",48,"39,000"
565,2013,KANSAS,2.5,"276,000",46,"6,000"
566,2013,KENTUCKY,3.25,"123,000",41,"3,000"
567,2013,LOUISIANA,1.8900000000000001,"4,900,000",98,"50,000"
568,2013,MAINE,3.14,"301,000",43,"7,000"
569,2013,MICHIGAN,2.16,"4,675,000",55,"85,000"
570,2013,MINNESOTA,1.99,"7,540,000",58,"130,000"
571,2013,MISSISSIPPI,1.86,"1,972,000",116,"17,000"
572,2013,MISSOURI,2.62,"470,000",47,"10,000"
573,2013,MONTANA,2.09,"14,946,000",94,"159,000"
574,2013,NEBRASKA,2.07,"2,760,000",60,"46,000"
575,2013,NEW JERSEY,4.19,"484,000",44,"11,000"
576,2013,NEW YORK,2.12,"2,640,000",48,"55,000"
577,2013,NORTH CAROLINA,3.67,"380,000",38,"10,000"
578,2013,NORTH DAKOTA,2.04,"33,120,000",69,"480,000"
579,2013,OHIO,3.29,"765,000",45,"17,000"
580,2013,OREGON,2.39,"2,170,000",35,"62,000"
581,2013,OTHER STATES,3.83,"1,295,000",39,"33,000"
582,2013,PENNSYLVANIA,3.0300000000000002,"585,000",45,"13,000"
583,2013,SOUTH DAKOTA,2.07,"14,840,000",56,"265,000"
584,2013,TENNESSEE,3.5500000000000003,"315,000",45,"7,000"
585,2013,TEXAS,2.1,"6,254,000",59,"106,000"
586,2013,UTAH,2.09,"1,020,000",34,"30,000"
587,2013,VERMONT,3.89,"204,000",51,"4,000"
588,2013,VIRGINIA,4.5,"175,000",35,"5,000"
589,2013,WASHINGTON,2.3000000000000003,"2,691,000",39,"69,000"
590,2013,WEST VIRGINIA,3.66,"276,000",46,"6,000"
591,2013,WISCONSIN,2.38,"3,540,000",60,"59,000"
592,2013,WYOMING,2.11,"3,102,000",66,"47,000"
593,2014,ALABAMA,3.5300000000000002,"371,000",53,"7,000"
594,2014,ARIZONA,1.92,"1,014,000",39,"26,000"
595,2014,ARKANSAS,2.04,"1,365,000",65,"21,000"
596,2014,CALIFORNIA,2.06,"12,480,000",39,"320,000"
597,2014,COLORADO,2.11,"999,000",37,"27,000"
598,2014,FLORIDA,2.08,"14,700,000",60,"245,000"
599,2014,GEORGIA,2.19,"4,526,000",62,"73,000"
600,2014,HAWAII,2.29,"1,395,000",93,"15,000"
601,2014,IDAHO,2.0300000000000002,"3,400,000",34,"100,000"
602,2014,ILLINOIS,4.11,"392,000",49,"8,000"
603,2014,INDIANA,3.19,"310,000",62,"5,000"
604,2014,IOWA,2.41,"1,505,000",43,"35,000"
605,2014,KANSAS,2.38,"525,000",75,"7,000"
606,2014,KENTUCKY,3.96,"235,000",47,"5,000"
607,2014,LOUISIANA,2.18,"4,032,000",84,"48,000"
608,2014,MAINE,4.99,"376,000",47,"8,000"
609,2014,MICHIGAN,2.49,"5,733,000",63,"91,000"
610,2014,MINNESOTA,2.06,"7,920,000",60,"132,000"
611,2014,MISSISSIPPI,2.0100000000000002,"2,240,000",112,"20,000"
612,2014,MISSOURI,3.63,"564,000",47,"12,000"
613,2014,MONTANA,2.09,"14,256,000",88,"162,000"
614,2014,NEBRASKA,2.04,"3,750,000",75,"50,000"
615,2014,NEW JERSEY,3.13,"360,000",30,"12,000"
616,2014,NEW YORK,2.83,"3,300,000",55,"60,000"
617,2014,NORTH CAROLINA,3.49,"516,000",43,"12,000"
618,2014,NORTH DAKOTA,1.99,"42,140,000",86,"490,000"
619,2014,OHIO,3.58,"915,000",61,"15,000"
620,2014,OREGON,2.2,"2,840,000",40,"71,000"
621,2014,OTHER STATES,3.67,"1,404,000",45,"31,000"
622,2014,PENNSYLVANIA,2.91,"782,000",46,"17,000"
623,2014,SOUTH CAROLINA,3.97,"486,000",54,"9,000"
624,2014,SOUTH DAKOTA,2.08,"24,360,000",87,"280,000"
625,2014,TENNESSEE,3.7600000000000002,"441,000",63,"7,000"
626,2014,TEXAS,2.24,"9,048,000",78,"116,000"
627,2014,UTAH,2.13,"812,000",28,"29,000"
628,2014,VERMONT,4.89,"232,000",58,"4,000"
629,2014,VIRGINIA,4.68,"228,000",38,"6,000"
630,2014,WASHINGTON,2.61,"2,992,000",44,"68,000"
631,2014,WEST VIRGINIA,4.07,"186,000",31,"6,000"
632,2014,WISCONSIN,2.38,"2,862,000",54,"53,000"
633,2014,WYOMING,2.08,"2,318,000",61,"38,000"
634,2015,ALABAMA,3.83,"329,000",47,"7,000"
635,2015,ARIZONA,2.0300000000000002,"1,274,000",49,"26,000"
636,2015,ARKANSAS,2.06,"1,728,000",72,"24,000"
637,2015,CALIFORNIA,2.0300000000000002,"8,250,000",30,"275,000"
638,2015,COLORADO,2.2600000000000002,"1,479,000",51,"29,000"
639,2015,FLORIDA,1.97,"11,880,000",54,"220,000"
640,2015,GEORGIA,2.43,"2,760,000",40,"69,000"
641,2015,HAWAII,1.9100000000000001,"1,632,000",102,"16,000"
642,2015,IDAHO,1.93,"2,848,000",32,"89,000"
643,2015,ILLINOIS,4.66,"408,000",51,"8,000"
644,2015,INDIANA,3.23,"318,000",53,"6,000"
645,2015,IOWA,2.2,"1,800,000",50,"36,000"
646,2015,KANSAS,3.5,"288,000",36,"8,000"
647,2015,KENTUCKY,4.04,"230,000",46,"5,000"
648,2015,LOUISIANA,1.95,"4,356,000",99,"44,000"
649,2015,MAINE,5.43,"470,000",47,"10,000"
650,2015,MICHIGAN,2.44,"5,220,000",58,"90,000"
651,2015,MINNESOTA,1.84,"8,296,000",68,"122,000"
652,2015,MISSISSIPPI,2.4,"1,245,000",83,"15,000"
653,2015,MISSOURI,3.5500000000000003,"520,000",52,"10,000"
654,2015,MONTANA,1.94,"12,118,000",83,"146,000"
655,2015,NEBRASKA,2.04,"2,736,000",48,"57,000"
656,2015,NEW JERSEY,4.2,"324,000",27,"12,000"
657,2015,NEW YORK,2.94,"3,596,000",62,"58,000"
658,2015,NORTH CAROLINA,4.51,"540,000",45,"12,000"
659,2015,NORTH DAKOTA,1.8,"36,260,000",74,"490,000"
660,2015,OHIO,3.6,"850,000",50,"17,000"
661,2015,OREGON,2.43,"2,698,000",38,"71,000"
662,2015,OTHER STATES,5.24,"1,168,000",39,"30,000"
663,2015,PENNSYLVANIA,3.62,"901,000",53,"17,000"
664,2015,SOUTH CAROLINA,4.1,"938,000",67,"14,000"
665,2015,SOUTH DAKOTA,1.79,"19,140,000",66,"290,000"
666,2015,TENNESSEE,4.04,"413,000",59,"7,000"
667,2015,TEXAS,2.1,"8,316,000",66,"126,000"
668,2015,UTAH,1.92,"1,134,000",42,"27,000"
669,2015,VERMONT,4.23,"260,000",52,"5,000"
670,2015,VIRGINIA,5.53,"185,000",37,"5,000"
671,2015,WASHINGTON,1.8,"3,212,000",44,"73,000"
672,2015,WEST VIRGINIA,4.44,"175,000",35,"5,000"
673,2015,WISCONSIN,2.43,"3,484,000",67,"52,000"
674,2015,WYOMING,1.9000000000000001,"2,926,000",77,"38,000"
675,2016,ALABAMA,3.45,"364,000",52,"7,000"
676,2016,ARIZONA,1.97,"1,242,000",46,"27,000"
677,2016,ARKANSAS,1.85,"1,656,000",69,"24,000"
678,2016,CALIFORNIA,2.04,"11,160,000",36,"310,000"
679,2016,COLORADO,2.24,"1,280,000",40,"32,000"
680,2016,FLORIDA,2.43,"10,750,000",50,"215,000"
681,2016,GEORGIA,2.69,"3,744,000",39,"96,000"
682,2016,HAWAII,2.31,"2,034,000",113,"18,000"
683,2016,IDAHO,1.82,"3,298,000",34,"97,000"
684,2016,ILLINOIS,5.42,"480,000",48,"10,000"
685,2016,INDIANA,3.46,"496,000",62,"8,000"
686,2016,IOWA,2.08,"1,776,000",48,"37,000"
687,2016,KANSAS,3.04,"336,000",48,"7,000"
688,2016,KENTUCKY,4.0200000000000005,"230,000",46,"5,000"
689,2016,LOUISIANA,1.94,"4,300,000",86,"50,000"
690,2016,MAINE,3.38,"408,000",34,"12,000"
691,2016,MICHIGAN,2.37,"5,340,000",60,"89,000"
692,2016,MINNESOTA,1.69,"7,316,000",59,"124,000"
693,2016,MISSISSIPPI,1.73,"1,615,000",85,"19,000"
694,2016,MISSOURI,2.31,"496,000",62,"8,000"
695,2016,MONTANA,1.77,"12,243,000",77,"159,000"
696,2016,NEBRASKA,1.9100000000000001,"2,208,000",46,"48,000"
697,2016,NEW JERSEY,7.09,"324,000",27,"12,000"
698,2016,NEW YORK,3.19,"3,648,000",57,"64,000"
699,2016,NORTH CAROLINA,4.78,"444,000",37,"12,000"
700,2016,NORTH DAKOTA,1.85,"37,830,000",78,"485,000"
701,2016,OHIO,3.93,"1,185,000",79,"15,000"
702,2016,OREGON,1.9100000000000001,"2,590,000",35,"74,000"
703,2016,OTHER STATES,4.24,"1,601,000",43,"37,000"
704,2016,PENNSYLVANIA,3.0300000000000002,"950,000",50,"19,000"
705,2016,SOUTH CAROLINA,4.57,"720,000",45,"16,000"
706,2016,SOUTH DAKOTA,1.76,"19,880,000",71,"280,000"
707,2016,TENNESSEE,4.88,"330,000",55,"6,000"
708,2016,TEXAS,2.08,"9,310,000",70,"133,000"
709,2016,UTAH,1.93,"992,000",32,"31,000"
710,2016,VERMONT,3.64,"312,000",52,"6,000"
711,2016,VIRGINIA,5.8500000000000005,"190,000",38,"5,000"
712,2016,WASHINGTON,1.99,"2,940,000",35,"84,000"
713,2016,WEST VIRGINIA,3.92,"160,000",32,"5,000"
714,2016,WISCONSIN,2.67,"3,348,000",62,"54,000"
715,2016,WYOMING,1.78,"2,720,000",68,"40,000"
716,2017,ALABAMA,2.88,"315,000",45,"7,000"
717,2017,ARIZONA,1.99,"880,000",40,"22,000"
718,2017,ARKANSAS,1.97,"1,972,000",68,"29,000"
719,2017,CALIFORNIA,2.16,"13,735,000",41,"335,000"
720,2017,COLORADO,2.09,"1,419,000",43,"33,000"
721,2017,FLORIDA,2.37,"8,815,000",43,"205,000"
722,2017,GEORGIA,3.0,"3,168,000",32,"99,000"
723,2017,HAWAII,1.53,"2,489,000",131,"19,000"
724,2017,IDAHO,1.79,"4,180,000",44,"95,000"
725,2017,ILLINOIS,5.09,"506,000",46,"11,000"
726,2017,INDIANA,3.61,"416,000",52,"8,000"
727,2017,IOWA,2.2600000000000002,"2,030,000",58,"35,000"
728,2017,KANSAS,4.03,"553,000",79,"7,000"
729,2017,KENTUCKY,4.13,"190,000",38,"5,000"
730,2017,LOUISIANA,1.93,"3,483,000",81,"43,000"
731,2017,MAINE,5.0,"396,000",33,"12,000"
732,2017,MICHIGAN,2.42,"3,915,000",45,"87,000"
733,2017,MINNESOTA,1.93,"7,812,000",62,"126,000"
734,2017,MISSISSIPPI,1.82,"1,548,000",86,"18,000"
735,2017,MISSOURI,3.7,"520,000",65,"8,000"
736,2017,MONTANA,2.24,"10,440,000",72,"145,000"
737,2017,NEBRASKA,1.9100000000000001,"2,646,000",63,"42,000"
738,2017,NEW JERSEY,8.74,"364,000",28,"13,000"
739,2017,NEW YORK,3.0300000000000002,"3,192,000",56,"57,000"
740,2017,NORTH CAROLINA,4.58,"451,000",41,"11,000"
741,2017,NORTH DAKOTA,1.9100000000000001,"33,670,000",74,"455,000"
742,2017,OHIO,3.24,"1,095,000",73,"15,000"
743,2017,OREGON,2.1,"3,120,000",40,"78,000"
744,2017,OTHER STATES,4.43,"1,518,000",43,"35,000"
745,2017,PENNSYLVANIA,3.5100000000000002,"736,000",46,"16,000"
746,2017,SOUTH CAROLINA,2.7,"544,000",34,"16,000"
747,2017,SOUTH DAKOTA,2.07,"14,535,000",57,"255,000"
748,2017,TENNESSEE,4.57,"287,000",41,"7,000"
749,2017,TEXAS,2.17,"7,920,000",66,"120,000"
750,2017,UTAH,2.08,"837,000",31,"27,000"
751,2017,VERMONT,4.0200000000000005,"378,000",54,"7,000"
752,2017,VIRGINIA,5.7700000000000005,"210,000",35,"6,000"
753,2017,WASHINGTON,2.44,"3,465,000",45,"77,000"
754,2017,WEST VIRGINIA,3.93,"240,000",40,"6,000"
755,2017,WISCONSIN,2.82,"2,968,000",56,"53,000"
756,2017,WYOMING,1.61,"2,067,000",53,"39,000"
757,2018,ALABAMA,3.72,"270,000",45,"6,000"
758,2018,ARIZONA,3.01,"912,000",38,"24,000"
759,2018,ARKANSAS,1.88,"1,400,000",50,"28,000"
760,2018,CALIFORNIA,2.11,"13,735,000",41,"335,000"
761,2018,COLORADO,2.05,"1,488,000",48,"31,000"
762,2018,FLORIDA,2.4,"10,535,000",49,"215,000"
763,2018,GEORGIA,2.76,"3,332,000",34,"98,000"
764,2018,HAWAII,1.92,"1,751,000",103,"17,000"
765,2018,IDAHO,1.96,"2,976,000",31,"96,000"
766,2018,ILLINOIS,4.83,"451,000",41,"11,000"
767,2018,INDIANA,3.58,"322,000",46,"7,000"
768,2018,IOWA,2.4,"1,862,000",49,"38,000"
769,2018,KANSAS,3.1,"365,000",73,"5,000"
770,2018,KENTUCKY,5.43,"164,000",41,"4,000"
771,2018,LOUISIANA,1.91,"3,735,000",83,"45,000"
772,2018,MAINE,2.98,"384,000",32,"12,000"
773,2018,MICHIGAN,2.49,"4,268,000",44,"97,000"
774,2018,MINNESOTA,1.94,"7,259,000",61,"119,000"
775,2018,MISSISSIPPI,2.07,"1,740,000",87,"20,000"
776,2018,MISSOURI,2.83,"405,000",45,"9,000"
777,2018,MONTANA,1.9,"14,720,000",92,"160,000"
778,2018,NEBRASKA,2.01,"2,360,000",59,"40,000"
779,2018,NEW JERSEY,7.47,"403,000",31,"13,000"
780,2018,NEW YORK,3.24,"2,688,000",48,"56,000"
781,2018,NORTH CAROLINA,5.76,"330,000",33,"10,000"
782,2018,NORTH DAKOTA,1.87,"39,600,000",72,"550,000"
783,2018,OHIO,3.72,"1,022,000",73,"14,000"
784,2018,OREGON,2.36,"3,255,000",35,"93,000"
785,2018,OTHER STATES,6.02,"1,399,000",39,"36,000"
786,2018,PENNSYLVANIA,3.89,"836,000",44,"19,000"
787,2018,SOUTH CAROLINA,3.17,"768,000",48,"16,000"
788,2018,SOUTH DAKOTA,1.91,"11,985,000",47,"255,000"
789,2018,TENNESSEE,4.11,"322,000",46,"7,000"
790,2018,TEXAS,2.12,"7,392,000",56,"132,000"
791,2018,UTAH,2.1,"1,066,000",41,"26,000"
792,2018,VERMONT,3.76,"336,000",48,"7,000"
793,2018,VIRGINIA,7.24,"160,000",40,"4,000"
794,2018,WASHINGTON,2.15,"3,311,000",43,"77,000"
795,2018,WEST VIRGINIA,4.33,"222,000",37,"6,000"
796,2018,WISCONSIN,2.95,"2,295,000",45,"51,000"
797,2018,WYOMING,1.91,"2,184,000",56,"39,000"
798,2019,ALABAMA,3.38,"294,000",42,"7,000"
799,2019,ARIZONA,2.04,"1,058,000",46,"23,000"
800,2019,ARKANSAS,1.65,"1,100,000",55,"20,000"
801,2019,CALIFORNIA,1.6,"16,080,000",48,"335,000"
802,2019,COLORADO,2.34,"1,472,000",46,"32,000"
803,2019,FLORIDA,2.46,"9,225,000",45,"205,000"
804,2019,GEORGIA,2.67,"3,366,000",33,"102,000"
805,2019,HAWAII,1.3,"1,280,000",80,"16,000"
806,2019,IDAHO,1.62,"2,944,000",32,"92,000"
807,2019,ILLINOIS,4.12,"429,000",39,"11,000"
808,2019,INDIANA,3.78,"495,000",55,"9,000"
809,2019,IOWA,2.35,"2,090,000",55,"38,000"
810,2019,KANSAS,2.35,"553,000",79,"7,000"
811,2019,KENTUCKY,4.66,"246,000",41,"6,000"
812,2019,LOUISIANA,2.15,"3,888,000",72,"54,000"
813,2019,MAINE,3.28,"525,000",35,"15,000"
814,2019,MICHIGAN,2.56,"4,700,000",50,"94,000"
815,2019,MINNESOTA,1.83,"6,962,000",59,"118,000"
816,2019,MISSISSIPPI,1.87,"1,760,000",80,"22,000"
817,2019,MISSOURI,3.35,"430,000",43,"10,000"
818,2019,MONTANA,1.49,"14,878,000",86,"173,000"
819,2019,NEBRASKA,1.44,"2,028,000",52,"39,000"
820,2019,NEW JERSEY,4.68,"420,000",28,"15,000"
821,2019,NEW YORK,4.0,"3,422,000",58,"59,000"
822,2019,NORTH CAROLINA,4.11,"588,000",42,"14,000"
823,2019,NORTH DAKOTA,1.43,"33,800,000",65,"520,000"
824,2019,OHIO,3.46,"1,005,000",67,"15,000"
825,2019,OREGON,2.5,"2,784,000",32,"87,000"
826,2019,OTHER STATES,4.65,"1,418,000",47,"30,000"
827,2019,PENNSYLVANIA,4.41,"950,000",50,"19,000"
828,2019,SOUTH CAROLINA,5.03,"752,000",47,"16,000"
829,2019,SOUTH DAKOTA,1.56,"19,440,000",72,"270,000"
830,2019,TENNESSEE,4.72,"456,000",57,"8,000"
831,2019,TEXAS,2.32,"7,560,000",60,"126,000"
832,2019,UTAH,1.97,"638,000",29,"22,000"
833,2019,VERMONT,4.48,"288,000",48,"6,000"
834,2019,VIRGINIA,7.19,"195,000",39,"5,000"
835,2019,WASHINGTON,2.18,"2,835,000",35,"81,000"
836,2019,WEST VIRGINIA,4.26,"222,000",37,"6,000"
837,2019,WISCONSIN,3.0,"2,162,000",47,"46,000"
838,2019,WYOMING,1.43,"2,184,000",56,"39,000"
839,2020,ALABAMA,5.52,"273,000",39,"7,000"
840,2020,ARIZONA,2.38,"900,000",36,"25,000"
841,2020,ARKANSAS,1.85,"980,000",49,"20,000"
842,2020,CALIFORNIA,1.95,"13,760,000",43,"320,000"
843,2020,COLORADO,2.39,"1,230,000",41,"30,000"
844,2020,FLORIDA,2.24,"8,832,000",46,"192,000"
845,2020,GEORGIA,2.52,"3,434,000",34,"101,000"
846,2020,HAWAII,1.7,"1,575,000",105,"15,000"
847,2020,IDAHO,1.76,"3,745,000",35,"107,000"
848,2020,ILLINOIS,5.65,"520,000",52,"10,000"
849,2020,INDIANA,3.91,"495,000",55,"9,000"
850,2020,IOWA,2.54,"2,030,000",58,"35,000"
851,2020,KANSAS,3.25,"496,000",62,"8,000"
852,2020,KENTUCKY,5.76,"231,000",33,"7,000"
853,2020,LOUISIANA,2.46,"2,277,000",69,"33,000"
854,2020,MAINE,3.36,"300,000",30,"10,000"
855,2020,MICHIGAN,2.95,"4,465,000",47,"95,000"
856,2020,MINNESOTA,1.8,"5,940,000",55,"108,000"
857,2020,MISSISSIPPI,1.99,"1,825,000",73,"25,000"
858,2020,MISSOURI,3.59,"369,000",41,"9,000"
859,2020,MONTANA,1.61,"8,910,000",81,"110,000"
860,2020,NEBRASKA,1.69,"1,924,000",52,"37,000"
861,2020,NEW JERSEY,4.32,"434,000",31,"14,000"
862,2020,NEW YORK,3.13,"3,248,000",56,"58,000"
863,2020,NORTH CAROLINA,5.5,"456,000",38,"12,000"
864,2020,NORTH DAKOTA,1.59,"38,610,000",78,"495,000"
865,2020,OHIO,3.5,"1,200,000",75,"16,000"
866,2020,OREGON,2.4,"2,755,000",29,"95,000"
867,2020,OTHER STATES,4.68,"1,375,000",42,"33,000"
868,2020,PENNSYLVANIA,4.12,"912,000",48,"19,000"
869,2020,SOUTH CAROLINA,3.44,"736,000",46,"16,000"
870,2020,SOUTH DAKOTA,1.77,"14,945,000",61,"245,000"
871,2020,TENNESSEE,4.23,"357,000",51,"7,000"
872,2020,TEXAS,2.0,"8,949,000",57,"157,000"
873,2020,UTAH,2.02,"952,000",34,"28,000"
874,2020,VERMONT,3.94,"282,000",47,"6,000"
875,2020,VIRGINIA,6.03,"200,000",40,"5,000"
876,2020,WASHINGTON,2.51,"3,626,000",37,"98,000"
877,2020,WEST VIRGINIA,3.81,"276,000",46,"6,000"
878,2020,WISCONSIN,3.11,"2,250,000",50,"45,000"
879,2020,WYOMING,1.71,"1,520,000",40,"38,000"
880,2021,ALABAMA,5.99,"320,000",40,"8,000"
881,2021,ARIZONA,2.34,"1,040,000",40,"26,000"
882,2021,ARKANSAS,2.07,"850,000",50,"17,000"
883,2021,CALIFORNIA,2.4,"9,570,000",33,"290,000"
884,2021,COLORADO,2.78,"1,160,000",40,"29,000"
885,2021,FLORIDA,2.42,"8,492,000",44,"193,000"
886,2021,GEORGIA,2.73,"3,264,000",34,"96,000"
887,2021,HAWAII,2.21,"1,395,000",93,"15,000"
888,2021,IDAHO,2.37,"3,000,000",30,"100,000"
889,2021,ILLINOIS,5.83,"460,000",46,"10,000"
890,2021,INDIANA,3.89,"520,000",52,"10,000"
891,2021,IOWA,2.46,"2,090,000",55,"38,000"
892,2021,KANSAS,2.74,"294,000",42,"7,000"
893,2021,KENTUCKY,4.6,"259,000",37,"7,000"
894,2021,LOUISIANA,2.5,"2,146,000",58,"37,000"
895,2021,MAINE,3.18,"374,000",34,"11,000"
896,2021,MICHIGAN,2.97,"5,151,000",51,"101,000"
897,2021,MINNESOTA,2.32,"7,125,000",57,"125,000"
898,2021,MISSISSIPPI,2.77,"1,775,000",71,"25,000"
899,2021,MISSOURI,3.99,"280,000",35,"8,000"
900,2021,MONTANA,2.17,"6,669,000",57,"117,000"
901,2021,NEBRASKA,2.17,"1,833,000",47,"39,000"
902,2021,NEW JERSEY,3.27,"525,000",35,"15,000"
903,2021,NEW YORK,4.15,"3,021,000",53,"57,000"
904,2021,NORTH CAROLINA,6.84,"507,000",39,"13,000"
905,2021,NORTH DAKOTA,2.19,"28,325,000",55,"515,000"
906,2021,OHIO,3.7,"1,024,000",64,"16,000"
907,2021,OREGON,2.14,"2,666,000",31,"86,000"
908,2021,OTHER STATES,4.9,"1,349,000",48,"28,000"
909,2021,PENNSYLVANIA,3.4,"840,000",42,"20,000"
910,2021,SOUTH CAROLINA,5.32,"672,000",42,"16,000"
911,2021,SOUTH DAKOTA,2.27,"12,250,000",49,"250,000"
912,2021,TENNESSEE,5.0,"448,000",56,"8,000"
913,2021,TEXAS,2.3,"7,672,000",56,"137,000"
914,2021,UTAH,2.18,"1,023,000",33,"31,000"
915,2021,VERMONT,3.28,"329,000",47,"7,000"
916,2021,VIRGINIA,8.23,"240,000",40,"6,000"
917,2021,WASHINGTON,2.52,"3,072,000",32,"96,000"
918,2021,WEST VIRGINIA,4.8,"258,000",43,"6,000"
919,2021,WISCONSIN,2.81,"1,974,000",47,"42,000"
920,2021,WYOMING,2.07,"2,204,000",58,"38,000"
